INSERT INTO PUBLIC.STORE_VALUE_POLICY (SECTION_CODE,"SECTION",RATIO,SECTION_TYPE,ROOT_SECTION_CODE,CREATED_AT,MODIFIED_AT) VALUES (
'valueByCustomer','고객관점의 가치',70,'R','ROOT','2017-03-15 18:56:16.933','2017-03-15 18:56:16.933');
INSERT INTO PUBLIC.STORE_VALUE_POLICY (SECTION_CODE,"SECTION",RATIO,SECTION_TYPE,ROOT_SECTION_CODE,CREATED_AT,MODIFIED_AT) VALUES (
'valueByStore','상점관점의 가치',30,'R','ROOT','2017-03-15 18:56:16.939','2017-03-15 18:56:16.939');
INSERT INTO PUBLIC.STORE_VALUE_POLICY (SECTION_CODE,"SECTION",RATIO,SECTION_TYPE,ROOT_SECTION_CODE,CREATED_AT,MODIFIED_AT) VALUES (
'viewCount','조회수',30,'S','valueByCustomer','2017-03-15 18:56:16.941','2017-03-15 18:56:16.941');
INSERT INTO PUBLIC.STORE_VALUE_POLICY (SECTION_CODE,"SECTION",RATIO,SECTION_TYPE,ROOT_SECTION_CODE,CREATED_AT,MODIFIED_AT) VALUES (
'likeCount','좋아요 수',40,'S','valueByCustomer','2017-03-15 18:56:16.942','2017-03-15 18:56:16.942');
INSERT INTO PUBLIC.STORE_VALUE_POLICY (SECTION_CODE,"SECTION",RATIO,SECTION_TYPE,ROOT_SECTION_CODE,CREATED_AT,MODIFIED_AT) VALUES (
'userAvgScore','사용자 평점',30,'S','valueByCustomer','2017-03-15 18:56:16.943','2017-03-15 18:56:16.943');
INSERT INTO PUBLIC.STORE_VALUE_POLICY (SECTION_CODE,"SECTION",RATIO,SECTION_TYPE,ROOT_SECTION_CODE,CREATED_AT,MODIFIED_AT) VALUES (
'upToDateInfo','정보의 최신성',55,'S','valueByStore','2017-03-15 18:56:16.944','2017-03-15 18:56:16.944');
INSERT INTO PUBLIC.STORE_VALUE_POLICY (SECTION_CODE,"SECTION",RATIO,SECTION_TYPE,ROOT_SECTION_CODE,CREATED_AT,MODIFIED_AT) VALUES (
'onEvent','할인이벤트 여부',45,'S','valueByStore','2017-03-15 18:56:16.945','2017-03-15 18:56:16.945');



INSERT INTO PUBLIC.STORE (STORE_ID,STORE_NAME,PHONE_NUMBER,VIEW_COUNT,LIKE_COUNT,ON_EVENT,USER_AVG_SCORE,STORE_TYPE,LAST_UPDATE_DATE,CREATED_AT,MODIFIED_AT) VALUES (
1,'상점 이름','111-222-3333',1000,1,'N',1.0,'L','2017-03-15 18:03:40.379','2017-03-09 02:04:56.688','2017-03-15 18:03:40.388');
INSERT INTO PUBLIC.STORE (STORE_ID,STORE_NAME,PHONE_NUMBER,VIEW_COUNT,LIKE_COUNT,ON_EVENT,USER_AVG_SCORE,STORE_TYPE,LAST_UPDATE_DATE,CREATED_AT,MODIFIED_AT) VALUES (
2,'string','033-111-2222',2,2,'N',2.0,'S','2017-03-15 19:16:23.301','2017-03-09 02:04:56.689','2017-03-15 19:16:23.335');
INSERT INTO PUBLIC.STORE (STORE_ID,STORE_NAME,PHONE_NUMBER,VIEW_COUNT,LIKE_COUNT,ON_EVENT,USER_AVG_SCORE,STORE_TYPE,LAST_UPDATE_DATE,CREATED_AT,MODIFIED_AT) VALUES (
3,'store_name 03','000-0000-0000',3,3,'N',3.0,'M','2017-03-09 02:04:56.689','2017-03-09 02:04:56.689','2017-03-09 02:04:56.689');
INSERT INTO PUBLIC.STORE (STORE_ID,STORE_NAME,PHONE_NUMBER,VIEW_COUNT,LIKE_COUNT,ON_EVENT,USER_AVG_SCORE,STORE_TYPE,LAST_UPDATE_DATE,CREATED_AT,MODIFIED_AT) VALUES (
4,'store_name 04','000-0000-0000',4,4,'N',4.0,'M','2017-03-09 02:04:56.690','2017-03-09 02:04:56.690','2017-03-09 02:04:56.690');
INSERT INTO PUBLIC.STORE (STORE_ID,STORE_NAME,PHONE_NUMBER,VIEW_COUNT,LIKE_COUNT,ON_EVENT,USER_AVG_SCORE,STORE_TYPE,LAST_UPDATE_DATE,CREATED_AT,MODIFIED_AT) VALUES (
5,'store_name 05','000-0000-0000',5,5,'N',5.0,'M','2017-03-09 02:04:56.690','2017-03-09 02:04:56.690','2017-03-09 02:04:56.690');
INSERT INTO PUBLIC.STORE (STORE_ID,STORE_NAME,PHONE_NUMBER,VIEW_COUNT,LIKE_COUNT,ON_EVENT,USER_AVG_SCORE,STORE_TYPE,LAST_UPDATE_DATE,CREATED_AT,MODIFIED_AT) VALUES (
6,'store_name 06','000-0000-0000',6,6,'N',6.0,'M','2017-03-09 02:04:56.691','2017-03-09 02:04:56.691','2017-03-09 02:04:56.691');
INSERT INTO PUBLIC.STORE (STORE_ID,STORE_NAME,PHONE_NUMBER,VIEW_COUNT,LIKE_COUNT,ON_EVENT,USER_AVG_SCORE,STORE_TYPE,LAST_UPDATE_DATE,CREATED_AT,MODIFIED_AT) VALUES (
7,'store_name 07','000-0000-0000',7,7,'N',7.0,'M','2017-03-09 02:04:56.691','2017-03-09 02:04:56.691','2017-03-09 02:04:56.691');
INSERT INTO PUBLIC.STORE (STORE_ID,STORE_NAME,PHONE_NUMBER,VIEW_COUNT,LIKE_COUNT,ON_EVENT,USER_AVG_SCORE,STORE_TYPE,LAST_UPDATE_DATE,CREATED_AT,MODIFIED_AT) VALUES (
8,'store_name 08','000-0000-0000',8,8,'N',2.0,'M','2017-03-09 02:04:56.692','2017-03-09 02:04:56.692','2017-03-09 02:04:56.692');
INSERT INTO PUBLIC.STORE (STORE_ID,STORE_NAME,PHONE_NUMBER,VIEW_COUNT,LIKE_COUNT,ON_EVENT,USER_AVG_SCORE,STORE_TYPE,LAST_UPDATE_DATE,CREATED_AT,MODIFIED_AT) VALUES (
9,'store_name 09','000-0000-0000',9,9,'N',5.5,'M','2017-03-09 02:04:56.692','2017-03-09 02:04:56.692','2017-03-09 02:04:56.692');
INSERT INTO PUBLIC.STORE (STORE_ID,STORE_NAME,PHONE_NUMBER,VIEW_COUNT,LIKE_COUNT,ON_EVENT,USER_AVG_SCORE,STORE_TYPE,LAST_UPDATE_DATE,CREATED_AT,MODIFIED_AT) VALUES (
10,'store_name 10','000-0000-0000',10,10,'N',10.0,'M','2017-03-09 02:04:56.693','2017-03-09 02:04:56.693','2017-03-09 02:04:56.693');
INSERT INTO PUBLIC.STORE (STORE_ID,STORE_NAME,PHONE_NUMBER,VIEW_COUNT,LIKE_COUNT,ON_EVENT,USER_AVG_SCORE,STORE_TYPE,LAST_UPDATE_DATE,CREATED_AT,MODIFIED_AT) VALUES (
11,'store_name 11','000-0000-0000',11,11,'Y',5.5,'M','2017-03-09 02:04:56.694','2017-03-09 02:04:56.694','2017-03-09 02:04:56.694');
INSERT INTO PUBLIC.STORE (STORE_ID,STORE_NAME,PHONE_NUMBER,VIEW_COUNT,LIKE_COUNT,ON_EVENT,USER_AVG_SCORE,STORE_TYPE,LAST_UPDATE_DATE,CREATED_AT,MODIFIED_AT) VALUES (
12,'store_name 12','000-0000-0000',12,12,'N',5.5,'M','2017-03-09 02:04:56.695','2017-03-09 02:04:56.695','2017-03-09 02:04:56.695');
INSERT INTO PUBLIC.STORE (STORE_ID,STORE_NAME,PHONE_NUMBER,VIEW_COUNT,LIKE_COUNT,ON_EVENT,USER_AVG_SCORE,STORE_TYPE,LAST_UPDATE_DATE,CREATED_AT,MODIFIED_AT) VALUES (
13,'store_name 13','000-0000-0000',13,13,'N',5.5,'M','2017-03-09 02:04:56.696','2017-03-09 02:04:56.696','2017-03-09 02:04:56.696');
INSERT INTO PUBLIC.STORE (STORE_ID,STORE_NAME,PHONE_NUMBER,VIEW_COUNT,LIKE_COUNT,ON_EVENT,USER_AVG_SCORE,STORE_TYPE,LAST_UPDATE_DATE,CREATED_AT,MODIFIED_AT) VALUES (
14,'store_name 14','000-0000-0000',14,14,'N',5.5,'M','2017-03-09 02:04:56.696','2017-03-09 02:04:56.696','2017-03-09 02:04:56.696');
INSERT INTO PUBLIC.STORE (STORE_ID,STORE_NAME,PHONE_NUMBER,VIEW_COUNT,LIKE_COUNT,ON_EVENT,USER_AVG_SCORE,STORE_TYPE,LAST_UPDATE_DATE,CREATED_AT,MODIFIED_AT) VALUES (
15,'store_name 15','000-0000-0000',15,15,'N',5.5,'M','2017-03-09 02:04:56.697','2017-03-09 02:04:56.697','2017-03-09 02:04:56.697');
INSERT INTO PUBLIC.STORE (STORE_ID,STORE_NAME,PHONE_NUMBER,VIEW_COUNT,LIKE_COUNT,ON_EVENT,USER_AVG_SCORE,STORE_TYPE,LAST_UPDATE_DATE,CREATED_AT,MODIFIED_AT) VALUES (
16,'store_name 16','000-0000-0000',16,16,'N',5.5,'M','2017-03-09 02:04:56.697','2017-03-09 02:04:56.697','2017-03-09 02:04:56.697');
INSERT INTO PUBLIC.STORE (STORE_ID,STORE_NAME,PHONE_NUMBER,VIEW_COUNT,LIKE_COUNT,ON_EVENT,USER_AVG_SCORE,STORE_TYPE,LAST_UPDATE_DATE,CREATED_AT,MODIFIED_AT) VALUES (
17,'store_name 17','000-0000-0000',17,17,'N',5.5,'M','2017-03-09 02:04:56.707','2017-03-09 02:04:56.707','2017-03-09 02:04:56.707');
INSERT INTO PUBLIC.STORE (STORE_ID,STORE_NAME,PHONE_NUMBER,VIEW_COUNT,LIKE_COUNT,ON_EVENT,USER_AVG_SCORE,STORE_TYPE,LAST_UPDATE_DATE,CREATED_AT,MODIFIED_AT) VALUES (
18,'store_name 18','000-0000-0000',18,18,'N',5.5,'M','2017-03-09 02:04:56.707','2017-03-09 02:04:56.707','2017-03-09 02:04:56.707');
INSERT INTO PUBLIC.STORE (STORE_ID,STORE_NAME,PHONE_NUMBER,VIEW_COUNT,LIKE_COUNT,ON_EVENT,USER_AVG_SCORE,STORE_TYPE,LAST_UPDATE_DATE,CREATED_AT,MODIFIED_AT) VALUES (
19,'store_name 19','000-0000-0000',19,19,'N',5.5,'M','2017-03-09 02:04:56.711','2017-03-09 02:04:56.711','2017-03-09 02:04:56.711');
INSERT INTO PUBLIC.STORE (STORE_ID,STORE_NAME,PHONE_NUMBER,VIEW_COUNT,LIKE_COUNT,ON_EVENT,USER_AVG_SCORE,STORE_TYPE,LAST_UPDATE_DATE,CREATED_AT,MODIFIED_AT) VALUES (
20,'store_name 20','000-0000-0000',20,20,'N',5.5,'M','2017-03-09 02:04:56.712','2017-03-09 02:04:56.712','2017-03-09 02:04:56.712');
INSERT INTO PUBLIC.STORE (STORE_ID,STORE_NAME,PHONE_NUMBER,VIEW_COUNT,LIKE_COUNT,ON_EVENT,USER_AVG_SCORE,STORE_TYPE,LAST_UPDATE_DATE,CREATED_AT,MODIFIED_AT) VALUES (
21,'store_name 21','000-0000-0000',21,21,'N',5.5,'M','2017-03-09 02:04:56.713','2017-03-09 02:04:56.713','2017-03-09 02:04:56.713');
INSERT INTO PUBLIC.STORE (STORE_ID,STORE_NAME,PHONE_NUMBER,VIEW_COUNT,LIKE_COUNT,ON_EVENT,USER_AVG_SCORE,STORE_TYPE,LAST_UPDATE_DATE,CREATED_AT,MODIFIED_AT) VALUES (
22,'store_name 22','000-0000-0000',22,22,'N',4.5,'M','2017-03-09 02:04:56.713','2017-03-09 02:04:56.713','2017-03-09 02:04:56.713');
INSERT INTO PUBLIC.STORE (STORE_ID,STORE_NAME,PHONE_NUMBER,VIEW_COUNT,LIKE_COUNT,ON_EVENT,USER_AVG_SCORE,STORE_TYPE,LAST_UPDATE_DATE,CREATED_AT,MODIFIED_AT) VALUES (
23,'store_name 23','000-0000-0000',23,23,'N',5.5,'M','2017-03-09 02:04:56.714','2017-03-09 02:04:56.714','2017-03-09 02:04:56.714');
INSERT INTO PUBLIC.STORE (STORE_ID,STORE_NAME,PHONE_NUMBER,VIEW_COUNT,LIKE_COUNT,ON_EVENT,USER_AVG_SCORE,STORE_TYPE,LAST_UPDATE_DATE,CREATED_AT,MODIFIED_AT) VALUES (
24,'store_name 24','000-0000-0000',24,24,'N',1.5,'M','2017-03-09 02:04:56.714','2017-03-09 02:04:56.714','2017-03-09 02:04:56.714');
INSERT INTO PUBLIC.STORE (STORE_ID,STORE_NAME,PHONE_NUMBER,VIEW_COUNT,LIKE_COUNT,ON_EVENT,USER_AVG_SCORE,STORE_TYPE,LAST_UPDATE_DATE,CREATED_AT,MODIFIED_AT) VALUES (
25,'store_name 25','000-0000-0000',25,25,'N',5.5,'M','2017-03-09 02:04:56.715','2017-03-09 02:04:56.715','2017-03-09 02:04:56.715');
INSERT INTO PUBLIC.STORE (STORE_ID,STORE_NAME,PHONE_NUMBER,VIEW_COUNT,LIKE_COUNT,ON_EVENT,USER_AVG_SCORE,STORE_TYPE,LAST_UPDATE_DATE,CREATED_AT,MODIFIED_AT) VALUES (
26,'Test2','000-0000-0000',0,0,'N',0.0,'M','2017-03-09 02:05:01.779','2017-03-09 02:05:01.779','2017-03-09 02:05:01.779');
INSERT INTO PUBLIC.STORE (STORE_ID,STORE_NAME,PHONE_NUMBER,VIEW_COUNT,LIKE_COUNT,ON_EVENT,USER_AVG_SCORE,STORE_TYPE,LAST_UPDATE_DATE,CREATED_AT,MODIFIED_AT) VALUES (
29,'storeNameTest','000-0000-0000',5,0,'N',0.0,'M','2017-03-10 19:00:29.599','2017-03-10 19:00:29.599','2017-03-10 19:11:33.527');
INSERT INTO PUBLIC.STORE (STORE_ID,STORE_NAME,PHONE_NUMBER,VIEW_COUNT,LIKE_COUNT,ON_EVENT,USER_AVG_SCORE,STORE_TYPE,LAST_UPDATE_DATE,CREATED_AT,MODIFIED_AT) VALUES (
30,'Test4','000-0000-0000',1,0,'N',0.0,'M','2017-03-10 19:03:05.224','2017-03-10 19:03:05.224','2017-03-10 19:03:05.224');
INSERT INTO PUBLIC.STORE (STORE_ID,STORE_NAME,PHONE_NUMBER,VIEW_COUNT,LIKE_COUNT,ON_EVENT,USER_AVG_SCORE,STORE_TYPE,LAST_UPDATE_DATE,CREATED_AT,MODIFIED_AT) VALUES (
31,'Test5','000-0000-0000',0,0,'N',0.0,'M','2017-03-10 19:26:14.728','2017-03-10 19:26:14.759','2017-03-10 19:26:14.759');
INSERT INTO PUBLIC.STORE (STORE_ID,STORE_NAME,PHONE_NUMBER,VIEW_COUNT,LIKE_COUNT,ON_EVENT,USER_AVG_SCORE,STORE_TYPE,LAST_UPDATE_DATE,CREATED_AT,MODIFIED_AT) VALUES (
32,'storeNameTest2','000-0000-0000',0,0,'N',0.0,'M','2017-03-10 19:26:51.587','2017-03-10 19:26:51.620','2017-03-10 19:28:00.558');



INSERT INTO PUBLIC.STORE_DESC (STORE_DESC_ID,STORE_ID,DESCIPTION,CREATED_AT,MODIFIED_AT) VALUES (
3,3,'desciption 03','2017-03-09 02:04:56.721','2017-03-09 02:04:56.721');
INSERT INTO PUBLIC.STORE_DESC (STORE_DESC_ID,STORE_ID,DESCIPTION,CREATED_AT,MODIFIED_AT) VALUES (
4,4,'desciption 04','2017-03-09 02:04:56.722','2017-03-09 02:04:56.722');
INSERT INTO PUBLIC.STORE_DESC (STORE_DESC_ID,STORE_ID,DESCIPTION,CREATED_AT,MODIFIED_AT) VALUES (
5,5,'desciption 05','2017-03-09 02:04:56.722','2017-03-09 02:04:56.722');
INSERT INTO PUBLIC.STORE_DESC (STORE_DESC_ID,STORE_ID,DESCIPTION,CREATED_AT,MODIFIED_AT) VALUES (
6,6,'desciption 06','2017-03-09 02:04:56.723','2017-03-09 02:04:56.723');
INSERT INTO PUBLIC.STORE_DESC (STORE_DESC_ID,STORE_ID,DESCIPTION,CREATED_AT,MODIFIED_AT) VALUES (
7,7,'desciption 07','2017-03-09 02:04:56.724','2017-03-09 02:04:56.724');
INSERT INTO PUBLIC.STORE_DESC (STORE_DESC_ID,STORE_ID,DESCIPTION,CREATED_AT,MODIFIED_AT) VALUES (
8,8,'desciption 08','2017-03-09 02:04:56.725','2017-03-09 02:04:56.725');
INSERT INTO PUBLIC.STORE_DESC (STORE_DESC_ID,STORE_ID,DESCIPTION,CREATED_AT,MODIFIED_AT) VALUES (
9,9,'desciption 09','2017-03-09 02:04:56.726','2017-03-09 02:04:56.726');
INSERT INTO PUBLIC.STORE_DESC (STORE_DESC_ID,STORE_ID,DESCIPTION,CREATED_AT,MODIFIED_AT) VALUES (
10,10,'desciption 10','2017-03-09 02:04:56.726','2017-03-09 02:04:56.726');
INSERT INTO PUBLIC.STORE_DESC (STORE_DESC_ID,STORE_ID,DESCIPTION,CREATED_AT,MODIFIED_AT) VALUES (
11,11,'desciption 11','2017-03-09 02:04:56.727','2017-03-09 02:04:56.727');
INSERT INTO PUBLIC.STORE_DESC (STORE_DESC_ID,STORE_ID,DESCIPTION,CREATED_AT,MODIFIED_AT) VALUES (
12,12,'desciption 12','2017-03-09 02:04:56.728','2017-03-09 02:04:56.728');
INSERT INTO PUBLIC.STORE_DESC (STORE_DESC_ID,STORE_ID,DESCIPTION,CREATED_AT,MODIFIED_AT) VALUES (
13,13,'desciption 13','2017-03-09 02:04:56.729','2017-03-09 02:04:56.729');
INSERT INTO PUBLIC.STORE_DESC (STORE_DESC_ID,STORE_ID,DESCIPTION,CREATED_AT,MODIFIED_AT) VALUES (
14,14,'desciption 14','2017-03-09 02:04:56.729','2017-03-09 02:04:56.729');
INSERT INTO PUBLIC.STORE_DESC (STORE_DESC_ID,STORE_ID,DESCIPTION,CREATED_AT,MODIFIED_AT) VALUES (
39,1,'String','2017-03-15 18:03:40.385','2017-03-15 18:03:40.385');
INSERT INTO PUBLIC.STORE_DESC (STORE_DESC_ID,STORE_ID,DESCIPTION,CREATED_AT,MODIFIED_AT) VALUES (
42,2,'string','2017-03-15 19:16:23.309','2017-03-15 19:16:23.309');


INSERT INTO PUBLIC.STORE_PHOTO (STORE_PHOTO_ID,STORE_ID,PHOTO_URL,"SOURCE",CREATED_AT,MODIFIED_AT,UPLOAD_DATE) VALUES (
4,4,'photo_url 04','self','2017-03-09 02:04:56.733','2017-03-09 02:04:56.733','2017-03-13 01:49:22.318');
INSERT INTO PUBLIC.STORE_PHOTO (STORE_PHOTO_ID,STORE_ID,PHOTO_URL,"SOURCE",CREATED_AT,MODIFIED_AT,UPLOAD_DATE) VALUES (
6,6,'photo_url 06','self','2017-03-09 02:04:56.734','2017-03-09 02:04:56.734','2017-03-13 01:49:22.318');
INSERT INTO PUBLIC.STORE_PHOTO (STORE_PHOTO_ID,STORE_ID,PHOTO_URL,"SOURCE",CREATED_AT,MODIFIED_AT,UPLOAD_DATE) VALUES (
8,8,'photo_url 08','provide','2017-03-09 02:04:56.735','2017-03-09 02:04:56.735','2017-03-13 01:49:22.318');
INSERT INTO PUBLIC.STORE_PHOTO (STORE_PHOTO_ID,STORE_ID,PHOTO_URL,"SOURCE",CREATED_AT,MODIFIED_AT,UPLOAD_DATE) VALUES (
9,9,'photo_url 09','self','2017-03-09 02:04:56.735','2017-03-09 02:04:56.735','2017-03-13 01:49:22.318');
INSERT INTO PUBLIC.STORE_PHOTO (STORE_PHOTO_ID,STORE_ID,PHOTO_URL,"SOURCE",CREATED_AT,MODIFIED_AT,UPLOAD_DATE) VALUES (
1,1,'photo_url 01','self','2017-03-09 02:04:56.730','2017-03-09 02:04:56.730','2016-03-13 01:49:22.000');
INSERT INTO PUBLIC.STORE_PHOTO (STORE_PHOTO_ID,STORE_ID,PHOTO_URL,"SOURCE",CREATED_AT,MODIFIED_AT,UPLOAD_DATE) VALUES (
2,2,'photo_url 02','self','2017-03-09 02:04:56.732','2017-03-09 02:04:56.732','2017-02-13 01:49:22.000');
INSERT INTO PUBLIC.STORE_PHOTO (STORE_PHOTO_ID,STORE_ID,PHOTO_URL,"SOURCE",CREATED_AT,MODIFIED_AT,UPLOAD_DATE) VALUES (
3,3,'photo_url 03','self','2017-03-09 02:04:56.733','2017-03-09 02:04:56.733','2017-03-12 01:49:22.000');
INSERT INTO PUBLIC.STORE_PHOTO (STORE_PHOTO_ID,STORE_ID,PHOTO_URL,"SOURCE",CREATED_AT,MODIFIED_AT,UPLOAD_DATE) VALUES (
5,1,'photo_url 05','provide','2017-03-09 02:04:56.734','2017-03-09 02:04:56.734','2015-03-13 01:49:22.000');
INSERT INTO PUBLIC.STORE_PHOTO (STORE_PHOTO_ID,STORE_ID,PHOTO_URL,"SOURCE",CREATED_AT,MODIFIED_AT,UPLOAD_DATE) VALUES (
7,1,'photo_url 07','self','2017-03-09 02:04:56.735','2017-03-09 02:04:56.735','2017-03-13 02:49:22.000');
INSERT INTO PUBLIC.STORE_PHOTO (STORE_PHOTO_ID,STORE_ID,PHOTO_URL,"SOURCE",CREATED_AT,MODIFIED_AT,UPLOAD_DATE) VALUES (
10,1,'photo_url 10','self','2017-03-09 02:04:56.736','2017-03-09 02:04:56.736','2017-03-15 01:49:22.000');


INSERT INTO PUBLIC.STORE_VALUE (STORE_VALUE_ID,STORE_ID,VALUE,CREATED_AT,MODIFIED_AT) VALUES (
132,1,1.6150001287460327,'2017-03-15 18:58:29.022','2017-03-15 18:58:29.022');
INSERT INTO PUBLIC.STORE_VALUE (STORE_VALUE_ID,STORE_ID,VALUE,CREATED_AT,MODIFIED_AT) VALUES (
133,2,1.0299999713897705,'2017-03-15 18:58:29.031','2017-03-15 18:58:29.031');
INSERT INTO PUBLIC.STORE_VALUE (STORE_VALUE_ID,STORE_ID,VALUE,CREATED_AT,MODIFIED_AT) VALUES (
134,3,1.0299999713897705,'2017-03-15 18:58:29.033','2017-03-15 18:58:29.033');
INSERT INTO PUBLIC.STORE_VALUE (STORE_VALUE_ID,STORE_ID,VALUE,CREATED_AT,MODIFIED_AT) VALUES (
135,4,1.0299999713897705,'2017-03-15 18:58:29.034','2017-03-15 18:58:29.034');
INSERT INTO PUBLIC.STORE_VALUE (STORE_VALUE_ID,STORE_ID,VALUE,CREATED_AT,MODIFIED_AT) VALUES (
136,5,1.2400000095367432,'2017-03-15 18:58:29.035','2017-03-15 18:58:29.035');
INSERT INTO PUBLIC.STORE_VALUE (STORE_VALUE_ID,STORE_ID,VALUE,CREATED_AT,MODIFIED_AT) VALUES (
137,6,1.2400000095367432,'2017-03-15 18:58:29.036','2017-03-15 18:58:29.036');
INSERT INTO PUBLIC.STORE_VALUE (STORE_VALUE_ID,STORE_ID,VALUE,CREATED_AT,MODIFIED_AT) VALUES (
138,7,1.2400000095367432,'2017-03-15 18:58:29.037','2017-03-15 18:58:29.037');
INSERT INTO PUBLIC.STORE_VALUE (STORE_VALUE_ID,STORE_ID,VALUE,CREATED_AT,MODIFIED_AT) VALUES (
139,8,1.0299999713897705,'2017-03-15 18:58:29.039','2017-03-15 18:58:29.039');
INSERT INTO PUBLIC.STORE_VALUE (STORE_VALUE_ID,STORE_ID,VALUE,CREATED_AT,MODIFIED_AT) VALUES (
140,9,1.2400000095367432,'2017-03-15 18:58:29.040','2017-03-15 18:58:29.040');
INSERT INTO PUBLIC.STORE_VALUE (STORE_VALUE_ID,STORE_ID,VALUE,CREATED_AT,MODIFIED_AT) VALUES (
141,10,1.4500001668930054,'2017-03-15 18:58:29.041','2017-03-15 18:58:29.041');
INSERT INTO PUBLIC.STORE_VALUE (STORE_VALUE_ID,STORE_ID,VALUE,CREATED_AT,MODIFIED_AT) VALUES (
142,11,1.6449999809265137,'2017-03-15 18:58:29.042','2017-03-15 18:58:29.042');
INSERT INTO PUBLIC.STORE_VALUE (STORE_VALUE_ID,STORE_ID,VALUE,CREATED_AT,MODIFIED_AT) VALUES (
143,12,1.2400000095367432,'2017-03-15 18:58:29.043','2017-03-15 18:58:29.043');
INSERT INTO PUBLIC.STORE_VALUE (STORE_VALUE_ID,STORE_ID,VALUE,CREATED_AT,MODIFIED_AT) VALUES (
144,13,1.2400000095367432,'2017-03-15 18:58:29.045','2017-03-15 18:58:29.045');
INSERT INTO PUBLIC.STORE_VALUE (STORE_VALUE_ID,STORE_ID,VALUE,CREATED_AT,MODIFIED_AT) VALUES (
145,14,1.2400000095367432,'2017-03-15 18:58:29.046','2017-03-15 18:58:29.046');
INSERT INTO PUBLIC.STORE_VALUE (STORE_VALUE_ID,STORE_ID,VALUE,CREATED_AT,MODIFIED_AT) VALUES (
146,15,1.2400000095367432,'2017-03-15 18:58:29.047','2017-03-15 18:58:29.047');
INSERT INTO PUBLIC.STORE_VALUE (STORE_VALUE_ID,STORE_ID,VALUE,CREATED_AT,MODIFIED_AT) VALUES (
147,16,1.2400000095367432,'2017-03-15 18:58:29.050','2017-03-15 18:58:29.050');
INSERT INTO PUBLIC.STORE_VALUE (STORE_VALUE_ID,STORE_ID,VALUE,CREATED_AT,MODIFIED_AT) VALUES (
148,17,1.2400000095367432,'2017-03-15 18:58:29.051','2017-03-15 18:58:29.051');
INSERT INTO PUBLIC.STORE_VALUE (STORE_VALUE_ID,STORE_ID,VALUE,CREATED_AT,MODIFIED_AT) VALUES (
149,18,1.2400000095367432,'2017-03-15 18:58:29.053','2017-03-15 18:58:29.053');
INSERT INTO PUBLIC.STORE_VALUE (STORE_VALUE_ID,STORE_ID,VALUE,CREATED_AT,MODIFIED_AT) VALUES (
150,19,1.2400000095367432,'2017-03-15 18:58:29.054','2017-03-15 18:58:29.054');
INSERT INTO PUBLIC.STORE_VALUE (STORE_VALUE_ID,STORE_ID,VALUE,CREATED_AT,MODIFIED_AT) VALUES (
151,20,1.2400000095367432,'2017-03-15 18:58:29.055','2017-03-15 18:58:29.055');
INSERT INTO PUBLIC.STORE_VALUE (STORE_VALUE_ID,STORE_ID,VALUE,CREATED_AT,MODIFIED_AT) VALUES (
152,21,1.2400000095367432,'2017-03-15 18:58:29.056','2017-03-15 18:58:29.056');
INSERT INTO PUBLIC.STORE_VALUE (STORE_VALUE_ID,STORE_ID,VALUE,CREATED_AT,MODIFIED_AT) VALUES (
153,22,1.0299999713897705,'2017-03-15 18:58:29.057','2017-03-15 18:58:29.057');
INSERT INTO PUBLIC.STORE_VALUE (STORE_VALUE_ID,STORE_ID,VALUE,CREATED_AT,MODIFIED_AT) VALUES (
154,23,1.2400000095367432,'2017-03-15 18:58:29.058','2017-03-15 18:58:29.058');
INSERT INTO PUBLIC.STORE_VALUE (STORE_VALUE_ID,STORE_ID,VALUE,CREATED_AT,MODIFIED_AT) VALUES (
155,24,1.0299999713897705,'2017-03-15 18:58:29.059','2017-03-15 18:58:29.059');
INSERT INTO PUBLIC.STORE_VALUE (STORE_VALUE_ID,STORE_ID,VALUE,CREATED_AT,MODIFIED_AT) VALUES (
156,25,1.2400000095367432,'2017-03-15 18:58:29.060','2017-03-15 18:58:29.060');
INSERT INTO PUBLIC.STORE_VALUE (STORE_VALUE_ID,STORE_ID,VALUE,CREATED_AT,MODIFIED_AT) VALUES (
157,26,1.0299999713897705,'2017-03-15 18:58:29.061','2017-03-15 18:58:29.061');
INSERT INTO PUBLIC.STORE_VALUE (STORE_VALUE_ID,STORE_ID,VALUE,CREATED_AT,MODIFIED_AT) VALUES (
158,29,1.0299999713897705,'2017-03-15 18:58:29.062','2017-03-15 18:58:29.062');
INSERT INTO PUBLIC.STORE_VALUE (STORE_VALUE_ID,STORE_ID,VALUE,CREATED_AT,MODIFIED_AT) VALUES (
159,30,1.0299999713897705,'2017-03-15 18:58:29.064','2017-03-15 18:58:29.064');
INSERT INTO PUBLIC.STORE_VALUE (STORE_VALUE_ID,STORE_ID,VALUE,CREATED_AT,MODIFIED_AT) VALUES (
160,31,1.0299999713897705,'2017-03-15 18:58:29.066','2017-03-15 18:58:29.066');
INSERT INTO PUBLIC.STORE_VALUE (STORE_VALUE_ID,STORE_ID,VALUE,CREATED_AT,MODIFIED_AT) VALUES (
161,32,1.0299999713897705,'2017-03-15 18:58:29.067','2017-03-15 18:58:29.067');

INSERT INTO PUBLIC.STORE_VALUE_BACKUP (STORE_VALUE_ID,STORE_ID,VALUE,CREATED_AT,MODIFIED_AT) VALUES (
1483,1,1.4500001668930054,'2017-03-15 15:02:16.581','2017-03-15 15:02:16.581');
INSERT INTO PUBLIC.STORE_VALUE_BACKUP (STORE_VALUE_ID,STORE_ID,VALUE,CREATED_AT,MODIFIED_AT) VALUES (
1484,2,1.0299999713897705,'2017-03-15 15:02:16.594','2017-03-15 15:02:16.594');
INSERT INTO PUBLIC.STORE_VALUE_BACKUP (STORE_VALUE_ID,STORE_ID,VALUE,CREATED_AT,MODIFIED_AT) VALUES (
1485,3,1.0299999713897705,'2017-03-15 15:02:16.596','2017-03-15 15:02:16.596');
INSERT INTO PUBLIC.STORE_VALUE_BACKUP (STORE_VALUE_ID,STORE_ID,VALUE,CREATED_AT,MODIFIED_AT) VALUES (
1486,4,1.0299999713897705,'2017-03-15 15:02:16.598','2017-03-15 15:02:16.598');
INSERT INTO PUBLIC.STORE_VALUE_BACKUP (STORE_VALUE_ID,STORE_ID,VALUE,CREATED_AT,MODIFIED_AT) VALUES (
1487,5,1.2400000095367432,'2017-03-15 15:02:16.600','2017-03-15 15:02:16.600');
INSERT INTO PUBLIC.STORE_VALUE_BACKUP (STORE_VALUE_ID,STORE_ID,VALUE,CREATED_AT,MODIFIED_AT) VALUES (
1488,6,1.2400000095367432,'2017-03-15 15:02:16.602','2017-03-15 15:02:16.602');
INSERT INTO PUBLIC.STORE_VALUE_BACKUP (STORE_VALUE_ID,STORE_ID,VALUE,CREATED_AT,MODIFIED_AT) VALUES (
1489,7,1.2400000095367432,'2017-03-15 15:02:16.604','2017-03-15 15:02:16.604');
INSERT INTO PUBLIC.STORE_VALUE_BACKUP (STORE_VALUE_ID,STORE_ID,VALUE,CREATED_AT,MODIFIED_AT) VALUES (
1490,8,1.0299999713897705,'2017-03-15 15:02:16.606','2017-03-15 15:02:16.606');
INSERT INTO PUBLIC.STORE_VALUE_BACKUP (STORE_VALUE_ID,STORE_ID,VALUE,CREATED_AT,MODIFIED_AT) VALUES (
1491,9,1.2400000095367432,'2017-03-15 15:02:16.609','2017-03-15 15:02:16.609');
INSERT INTO PUBLIC.STORE_VALUE_BACKUP (STORE_VALUE_ID,STORE_ID,VALUE,CREATED_AT,MODIFIED_AT) VALUES (
1492,10,1.4500001668930054,'2017-03-15 15:02:16.611','2017-03-15 15:02:16.611');
INSERT INTO PUBLIC.STORE_VALUE_BACKUP (STORE_VALUE_ID,STORE_ID,VALUE,CREATED_AT,MODIFIED_AT) VALUES (
1493,11,1.6449999809265137,'2017-03-15 15:02:16.613','2017-03-15 15:02:16.613');
INSERT INTO PUBLIC.STORE_VALUE_BACKUP (STORE_VALUE_ID,STORE_ID,VALUE,CREATED_AT,MODIFIED_AT) VALUES (
1494,12,1.2400000095367432,'2017-03-15 15:02:16.615','2017-03-15 15:02:16.615');
INSERT INTO PUBLIC.STORE_VALUE_BACKUP (STORE_VALUE_ID,STORE_ID,VALUE,CREATED_AT,MODIFIED_AT) VALUES (
1495,13,1.2400000095367432,'2017-03-15 15:02:16.617','2017-03-15 15:02:16.617');
INSERT INTO PUBLIC.STORE_VALUE_BACKUP (STORE_VALUE_ID,STORE_ID,VALUE,CREATED_AT,MODIFIED_AT) VALUES (
1496,14,1.2400000095367432,'2017-03-15 15:02:16.619','2017-03-15 15:02:16.619');
INSERT INTO PUBLIC.STORE_VALUE_BACKUP (STORE_VALUE_ID,STORE_ID,VALUE,CREATED_AT,MODIFIED_AT) VALUES (
1497,15,1.2400000095367432,'2017-03-15 15:02:16.621','2017-03-15 15:02:16.621');
INSERT INTO PUBLIC.STORE_VALUE_BACKUP (STORE_VALUE_ID,STORE_ID,VALUE,CREATED_AT,MODIFIED_AT) VALUES (
1498,16,1.2400000095367432,'2017-03-15 15:02:16.624','2017-03-15 15:02:16.624');
INSERT INTO PUBLIC.STORE_VALUE_BACKUP (STORE_VALUE_ID,STORE_ID,VALUE,CREATED_AT,MODIFIED_AT) VALUES (
1499,17,1.2400000095367432,'2017-03-15 15:02:16.626','2017-03-15 15:02:16.626');
INSERT INTO PUBLIC.STORE_VALUE_BACKUP (STORE_VALUE_ID,STORE_ID,VALUE,CREATED_AT,MODIFIED_AT) VALUES (
1500,18,1.2400000095367432,'2017-03-15 15:02:16.628','2017-03-15 15:02:16.628');
INSERT INTO PUBLIC.STORE_VALUE_BACKUP (STORE_VALUE_ID,STORE_ID,VALUE,CREATED_AT,MODIFIED_AT) VALUES (
1501,19,1.2400000095367432,'2017-03-15 15:02:16.631','2017-03-15 15:02:16.631');
INSERT INTO PUBLIC.STORE_VALUE_BACKUP (STORE_VALUE_ID,STORE_ID,VALUE,CREATED_AT,MODIFIED_AT) VALUES (
1502,20,1.2400000095367432,'2017-03-15 15:02:16.633','2017-03-15 15:02:16.633');
INSERT INTO PUBLIC.STORE_VALUE_BACKUP (STORE_VALUE_ID,STORE_ID,VALUE,CREATED_AT,MODIFIED_AT) VALUES (
1503,21,1.2400000095367432,'2017-03-15 15:02:16.634','2017-03-15 15:02:16.634');
INSERT INTO PUBLIC.STORE_VALUE_BACKUP (STORE_VALUE_ID,STORE_ID,VALUE,CREATED_AT,MODIFIED_AT) VALUES (
1504,22,1.0299999713897705,'2017-03-15 15:02:16.636','2017-03-15 15:02:16.636');
INSERT INTO PUBLIC.STORE_VALUE_BACKUP (STORE_VALUE_ID,STORE_ID,VALUE,CREATED_AT,MODIFIED_AT) VALUES (
1505,23,1.2400000095367432,'2017-03-15 15:02:16.638','2017-03-15 15:02:16.638');
INSERT INTO PUBLIC.STORE_VALUE_BACKUP (STORE_VALUE_ID,STORE_ID,VALUE,CREATED_AT,MODIFIED_AT) VALUES (
1506,24,1.0299999713897705,'2017-03-15 15:02:16.640','2017-03-15 15:02:16.640');
INSERT INTO PUBLIC.STORE_VALUE_BACKUP (STORE_VALUE_ID,STORE_ID,VALUE,CREATED_AT,MODIFIED_AT) VALUES (
1507,25,1.2400000095367432,'2017-03-15 15:02:16.642','2017-03-15 15:02:16.642');
INSERT INTO PUBLIC.STORE_VALUE_BACKUP (STORE_VALUE_ID,STORE_ID,VALUE,CREATED_AT,MODIFIED_AT) VALUES (
1508,26,1.0299999713897705,'2017-03-15 15:02:16.644','2017-03-15 15:02:16.644');
INSERT INTO PUBLIC.STORE_VALUE_BACKUP (STORE_VALUE_ID,STORE_ID,VALUE,CREATED_AT,MODIFIED_AT) VALUES (
1509,29,1.0299999713897705,'2017-03-15 15:02:16.646','2017-03-15 15:02:16.646');
INSERT INTO PUBLIC.STORE_VALUE_BACKUP (STORE_VALUE_ID,STORE_ID,VALUE,CREATED_AT,MODIFIED_AT) VALUES (
1510,30,1.0299999713897705,'2017-03-15 15:02:16.648','2017-03-15 15:02:16.648');
INSERT INTO PUBLIC.STORE_VALUE_BACKUP (STORE_VALUE_ID,STORE_ID,VALUE,CREATED_AT,MODIFIED_AT) VALUES (
1511,31,1.0299999713897705,'2017-03-15 15:02:16.650','2017-03-15 15:02:16.650');
INSERT INTO PUBLIC.STORE_VALUE_BACKUP (STORE_VALUE_ID,STORE_ID,VALUE,CREATED_AT,MODIFIED_AT) VALUES (
1512,32,1.0299999713897705,'2017-03-15 15:02:16.652','2017-03-15 15:02:16.652');




